Entity,Code,Year,Cantril ladder score,Population (historical),World regions according to OWID,Life expectancy (years)
Afghanistan,AFG,2011,4.258,29347668,Asia,61.25
Afghanistan,AFG,2012,4.04,30559988,Asia,61.735
Afghanistan,AFG,2014,3.575,32792472,Asia,62.26
Afghanistan,AFG,2015,3.36,33831716,Asia,62.27
Afghanistan,AFG,2016,3.794,34700565,Asia,62.646
Afghanistan,AFG,2017,3.632,35688889,Asia,62.406
Afghanistan,AFG,2018,3.203,36742997,Asia,62.443
Afghanistan,AFG,2019,2.5669,37856071,Asia,62.941
Afghanistan,AFG,2020,2.523,39068933,Asia,61.454
Afghanistan,AFG,2021,2.404,40000360,Asia,60.417
Afghanistan,AFG,2022,1.859,40578801,Asia,65.617
Afghanistan,AFG,2023,1.721,41454709,Asia,66.035
Albania,ALB,2011,5.134,2911446,Europe,78.303
Albania,ALB,2012,5.55,2909947,Europe,78.084
Albania,ALB,2014,4.959,2903689,Europe,78.029
Albania,ALB,2015,4.655,2898589,Europe,78.358
Albania,ALB,2016,4.644,2897815,Europe,78.643
Albania,ALB,2017,4.586,2898198,Europe,78.9
Albania,ALB,2018,4.719,2894181,Europe,79.238
Albania,ALB,2019,4.8827,2884969,Europe,79.467
Albania,ALB,2020,5.117,2871900,Europe,77.824
Albania,ALB,2021,5.199,2849591,Europe,76.844
Albania,ALB,2022,5.277,2827562,Europe,78.769
Albania,ALB,2023,5.304,2811615,Europe,79.602
Armenia,ARM,2011,4.474,2923214,Asia,73.185
Armenia,ARM,2012,4.316,2922474,Asia,73.44
Armenia,ARM,2014,4.35,2922390,Asia,73.98
Armenia,ARM,2015,4.36,2921124,Asia,74.229
Armenia,ARM,2016,4.376,2918753,Asia,74.494
Armenia,ARM,2017,4.321,2914918,Asia,74.744
Armenia,ARM,2018,4.559,2909917,Asia,74.978
Armenia,ARM,2019,4.6768,2903922,Asia,75.193
Armenia,ARM,2020,5.283,2890849,Asia,68.89
Armenia,ARM,2021,5.399,2870293,Asia,72.552
Armenia,ARM,2022,5.342,2880829,Asia,74.633
Armenia,ARM,2023,5.455,2943346,Asia,75.683
Austria,AUT,2011,7.227,8393226,Europe,80.828
Austria,AUT,2012,7.369,8431540,Europe,80.841
Austria,AUT,2014,7.2,8547760,Europe,81.39
Austria,AUT,2015,7.119,8643981,Europe,81.159
Austria,AUT,2016,7.006,8737874,Europe,81.592
Austria,AUT,2017,7.139,8798734,Europe,81.639
Austria,AUT,2018,7.246,8841608,Europe,81.686
Austria,AUT,2019,7.2942,8880830,Europe,81.907
Austria,AUT,2020,7.268,8921362,Europe,81.804
Austria,AUT,2021,7.163,8967006,Europe,81.82
Austria,AUT,2022,7.097,9064633,Europe,81.296
Austria,AUT,2023,6.905,9130386,Europe,81.956
Azerbaijan,AZE,2011,4.582,9256100,Asia,70.565
Azerbaijan,AZE,2012,4.604,9376131,Asia,71.08
Azerbaijan,AZE,2014,5.212,9631088,Asia,71.93
Azerbaijan,AZE,2015,5.291,9752813,Asia,72.349
Azerbaijan,AZE,2016,5.234,9868395,Asia,72.568
Azerbaijan,AZE,2017,5.201,9968463,Asia,72.694
Azerbaijan,AZE,2018,5.208,10039730,Asia,73.016
Azerbaijan,AZE,2019,5.1648,10110446,Asia,73.29
Azerbaijan,AZE,2020,5.171,10181688,Asia,70.312
Azerbaijan,AZE,2021,5.173,10234332,Asia,70.999
Azerbaijan,AZE,2023,4.893,10318161,Asia,74.429
Bahrain,BHR,2011,5.568,1206693,Asia,79.141
Bahrain,BHR,2012,5.312,1216256,Asia,79.622
Bahrain,BHR,2014,5.96,1312803,Asia,80.214
Bahrain,BHR,2015,6.218,1369607,Asia,80.338
Bahrain,BHR,2016,6.087,1429559,Asia,80.407
Bahrain,BHR,2017,6.105,1481958,Asia,80.407
Bahrain,BHR,2018,6.199,1497582,Asia,80.412
Bahrain,BHR,2019,6.2273,1485632,Asia,80.471
Bahrain,BHR,2020,6.647,1483026,Asia,78.683
Bahrain,BHR,2021,6.647,1501708,Asia,78.083
Bahrain,BHR,2022,6.173,1533408,Asia,80.992
Bahrain,BHR,2023,5.959,1569625,Asia,81.284
Bangladesh,BGD,2011,4.807,153591029,Asia,68.499
Bangladesh,BGD,2012,4.804,155070060,Asia,68.989
Bangladesh,BGD,2014,4.694,157964878,Asia,70.016
Bangladesh,BGD,2015,4.643,159383130,Asia,70.543
Bangladesh,BGD,2016,4.608,160811890,Asia,71.075
Bangladesh,BGD,2017,4.5,162186094,Asia,71.606
Bangladesh,BGD,2018,4.456,163523054,Asia,72.122
Bangladesh,BGD,2019,4.8328,164913011,Asia,72.625
Bangladesh,BGD,2020,5.025,166297978,Asia,71.421
Bangladesh,BGD,2021,5.155,167658798,Asia,71.103
Bangladesh,BGD,2022,4.282,169384838,Asia,74.265
Bangladesh,BGD,2023,3.886,171466945,Asia,74.672
Belarus,BLR,2011,5.566,9472681,Europe,71.068
Belarus,BLR,2012,5.504,9463025,Europe,71.8
Belarus,BLR,2014,5.813,9472660,Europe,73.245
Belarus,BLR,2015,5.802,9487235,Europe,73.761
Belarus,BLR,2016,5.569,9499018,Europe,74.153
Belarus,BLR,2017,5.483,9495737,Europe,74.362
Belarus,BLR,2018,5.323,9479978,Europe,74.334
Belarus,BLR,2019,5.5399,9435364,Europe,74.255
Belarus,BLR,2020,5.534,9350896,Europe,72.269
Belarus,BLR,2021,5.821,9251315,Europe,72.221
Belgium,BEL,2011,7.113,11038580,Europe,80.366
Belgium,BEL,2012,6.967,11107477,Europe,80.26
Belgium,BEL,2014,6.937,11210070,Europe,81.08
Belgium,BEL,2015,6.929,11275281,Europe,80.889
Belgium,BEL,2016,6.891,11332652,Europe,81.265
Belgium,BEL,2017,6.927,11376542,Europe,81.362
Belgium,BEL,2018,6.923,11428564,Europe,81.481
Belgium,BEL,2019,6.8635,11490570,Europe,81.835
Belgium,BEL,2020,6.834,11540055,Europe,80.798
Belgium,BEL,2021,6.805,11570794,Europe,81.659
Belgium,BEL,2022,6.859,11641759,Europe,81.159
Belgium,BEL,2023,6.894,11712836,Europe,82.115
Bhutan,BTN,2014,5.253,733102,Asia,70.504
Bhutan,BTN,2015,5.196,740573,Asia,70.797
Bhutan,BTN,2016,5.011,747831,Asia,71.119
Bhutan,BTN,2017,5.082,754292,Asia,71.413
Bhutan,BTN,2018,5.082,759710,Asia,71.711
Bosnia and Herzegovina,BIH,2011,4.857,3741747,Europe,76.963
Bosnia and Herzegovina,BIH,2012,4.813,3670056,Europe,77.037
Bosnia and Herzegovina,BIH,2014,4.949,3564777,Europe,77.089
Bosnia and Herzegovina,BIH,2015,5.163,3518485,Europe,77.073
Bosnia and Herzegovina,BIH,2016,5.182,3472950,Europe,77.124
Bosnia and Herzegovina,BIH,2017,5.129,3428638,Europe,77.385
Bosnia and Herzegovina,BIH,2018,5.386,3386940,Europe,77.942
Bosnia and Herzegovina,BIH,2019,5.6741,3345480,Europe,77.394
Bosnia and Herzegovina,BIH,2020,5.813,3299297,Europe,76.04
Bosnia and Herzegovina,BIH,2021,5.768,3244869,Europe,74.567
Bosnia and Herzegovina,BIH,2022,5.633,3204770,Europe,76.777
Bosnia and Herzegovina,BIH,2023,5.877,3185033,Europe,77.85
Bulgaria,BGR,2011,3.889,7379973,Europe,74.169
Bulgaria,BGR,2012,3.981,7316974,Europe,74.337
Bulgaria,BGR,2014,4.218,7223406,Europe,74.466
Bulgaria,BGR,2015,4.217,7177463,Europe,74.621
Bulgaria,BGR,2016,4.714,7127389,Europe,74.827
Bulgaria,BGR,2017,4.933,7075586,Europe,74.798
Bulgaria,BGR,2018,5.011,7024687,Europe,74.933
Bulgaria,BGR,2019,5.1015,6975420,Europe,75.087
Bulgaria,BGR,2020,5.266,6933606,Europe,73.599
Bulgaria,BGR,2021,5.371,6877173,Europe,71.414
Bulgaria,BGR,2022,5.466,6825817,Europe,74.034
Bulgaria,BGR,2023,5.463,6795757,Europe,75.636
Cambodia,KHM,2011,4.101,14722537,Asia,67.869
Cambodia,KHM,2012,4.067,14945041,Asia,68.371
Cambodia,KHM,2014,3.819,15396720,Asia,69.117
Cambodia,KHM,2015,3.907,15623205,Asia,69.398
Cambodia,KHM,2016,4.168,15852754,Asia,69.635
Cambodia,KHM,2017,4.433,16073324,Asia,69.842
Cambodia,KHM,2018,4.7,16274473,Asia,69.993
Cambodia,KHM,2019,4.8484,16481244,Asia,70.127
Cambodia,KHM,2020,4.83,16725440,Asia,70.059
Cambodia,KHM,2021,4.64,16974258,Asia,69.301
Cambodia,KHM,2022,4.393,17201662,Asia,70.528
Cambodia,KHM,2023,4.341,17423835,Asia,70.668
China,CHN,2011,4.68,1360250601,Asia,75.889
China,CHN,2012,4.978,1369520822,Asia,76.2
China,CHN,2014,5.14,1387951920,Asia,76.714
China,CHN,2015,5.245,1396134112,Asia,76.975
China,CHN,2016,5.273,1404052581,Asia,77.214
China,CHN,2017,5.246,1412354694,Asia,77.235
China,CHN,2018,5.191,1419008910,Asia,77.709
China,CHN,2019,5.1239,1423520298,Asia,77.94
China,CHN,2020,5.339,1426106040,Asia,78.019
China,CHN,2021,5.585,1426437224,Asia,78.117
China,CHN,2022,5.818,1425179509,Asia,78.202
China,CHN,2023,5.973,1422584878,Asia,77.953
Croatia,HRV,2011,5.623,4280782,Europe,76.993
Croatia,HRV,2012,5.661,4259181,Europe,77.284
Croatia,HRV,2014,5.759,4219439,Europe,77.514
Croatia,HRV,2015,5.488,4183681,Europe,77.633
Croatia,HRV,2016,5.293,4136388,Europe,77.629
Croatia,HRV,2017,5.321,4079152,Europe,77.726
Croatia,HRV,2018,5.432,4024820,Europe,77.865
Croatia,HRV,2019,5.5047,3986292,Europe,78.197
Croatia,HRV,2020,5.882,3953898,Europe,77.497
Croatia,HRV,2021,6.125,3924558,Europe,77.141
Croatia,HRV,2022,6.125,3906988,Europe,78.278
Croatia,HRV,2023,5.942,3895973,Europe,78.58
Cyprus,CYP,2011,6.416,1146448,Europe,80.855
Cyprus,CYP,2012,6.466,1165359,Europe,81.128
Cyprus,CYP,2014,5.689,1201763,Europe,81.337
Cyprus,CYP,2015,5.546,1219450,Europe,81.464
Cyprus,CYP,2016,5.621,1237065,Europe,81.534
Cyprus,CYP,2017,5.762,1254213,Europe,81.543
Cyprus,CYP,2018,6.046,1270700,Europe,81.556
Cyprus,CYP,2019,6.159,1286615,Europe,81.454
Cyprus,CYP,2020,6.223,1302202,Europe,81.23
Cyprus,CYP,2021,6.221,1317269,Europe,80.573
Cyprus,CYP,2022,6.13,1331324,Europe,80.434
Cyprus,CYP,2023,6.068,1344937,Europe,81.648
Czechia,CZE,2011,6.36,10495455,Europe,77.814
Czechia,CZE,2012,6.29,10507287,Europe,77.998
Czechia,CZE,2014,6.505,10517176,Europe,78.744
Czechia,CZE,2015,6.596,10524367,Europe,78.561
Czechia,CZE,2016,6.609,10531895,Europe,78.974
Czechia,CZE,2017,6.711,10541301,Europe,78.926
Czechia,CZE,2018,6.852,10548878,Europe,78.961
Czechia,CZE,2019,6.9109,10554819,Europe,79.185
Czechia,CZE,2020,6.965,10550083,Europe,78.237
Czechia,CZE,2021,6.92,10530619,Europe,77.234
Czechia,CZE,2022,6.845,10673169,Europe,79.165
Czechia,CZE,2023,6.822,10809674,Europe,79.834
Denmark,DNK,2011,7.856,5570801,Europe,79.786
Denmark,DNK,2012,7.693,5591867,Europe,80.082
Denmark,DNK,2014,7.527,5643742,Europe,80.632
Denmark,DNK,2015,7.526,5683641,Europe,80.739
Denmark,DNK,2016,7.522,5728150,Europe,80.881
Denmark,DNK,2017,7.555,5765108,Europe,81.112
Denmark,DNK,2018,7.6,5793761,Europe,80.991
Denmark,DNK,2019,7.6456,5814566,Europe,81.434
Denmark,DNK,2020,7.62,5831483,Europe,81.546
Denmark,DNK,2021,7.636,5856724,Europe,81.436
Denmark,DNK,2022,7.586,5902846,Europe,81.291
Denmark,DNK,2023,7.583,5948078,Europe,81.933
Estonia,EST,2011,5.33,1327315,Europe,76.346
Estonia,EST,2012,5.426,1322570,Europe,76.416
Estonia,EST,2014,5.429,1314402,Europe,77.11
Estonia,EST,2015,5.517,1314538,Europe,77.665
Estonia,EST,2016,5.611,1315802,Europe,77.763
Estonia,EST,2017,5.739,1317381,Europe,78.181
Estonia,EST,2018,5.893,1321918,Europe,78.334
Estonia,EST,2019,6.0218,1326772,Europe,78.773
Estonia,EST,2020,6.189,1329618,Europe,78.893
Estonia,EST,2021,6.341,1331699,Europe,77.409
Estonia,EST,2022,6.455,1350038,Europe,78.167
Estonia,EST,2023,6.448,1367143,Europe,79.153
Finland,FIN,2011,7.579,5388186,Europe,80.392
Finland,FIN,2012,7.389,5413924,Europe,80.508
Finland,FIN,2014,7.406,5461629,Europe,81.055
Finland,FIN,2015,7.413,5479664,Europe,81.377
Finland,FIN,2016,7.469,5495422,Europe,81.303
Finland,FIN,2017,7.632,5508354,Europe,81.497
Finland,FIN,2018,7.769,5515685,Europe,81.626
Finland,FIN,2019,7.8087,5521713,Europe,81.864
Finland,FIN,2020,7.842,5529559,Europe,81.822
Finland,FIN,2021,7.821,5541019,Europe,81.814
Finland,FIN,2022,7.804,5569254,Europe,81.243
Finland,FIN,2023,7.741,5601133,Europe,81.91
France,FRA,2011,6.746,63733716,Europe,81.781
France,FRA,2012,6.764,64058423,Europe,81.739
France,FRA,2014,6.575,64692449,Europe,82.437
France,FRA,2015,6.478,64916292,Europe,82.149
France,FRA,2016,6.442,65086802,Europe,82.401
France,FRA,2017,6.489,65284727,Europe,82.439
France,FRA,2018,6.592,65519483,Europe,82.568
France,FRA,2019,6.6638,65729405,Europe,82.73
France,FRA,2020,6.69,65905226,Europe,82.199
France,FRA,2021,6.687,66083491,Europe,82.322
France,FRA,2022,6.661,66277365,Europe,82.475
France,FRA,2023,6.609,66438774,Europe,83.325
Georgia,GEO,2011,3.892,3868672,Asia,72.485
Georgia,GEO,2012,4.187,3839155,Asia,72.672
Georgia,GEO,2014,4.297,3792875,Asia,73.105
Georgia,GEO,2015,4.252,3791515,Asia,73.241
Georgia,GEO,2016,4.286,3792013,Asia,73.136
Georgia,GEO,2017,4.34,3792801,Asia,73.435
Georgia,GEO,2018,4.519,3794833,Asia,73.985
Georgia,GEO,2019,4.6726,3796671,Asia,74.165
Georgia,GEO,2020,4.891,3795624,Asia,73.509
Georgia,GEO,2021,4.973,3788400,Asia,71.635
Georgia,GEO,2022,5.109,3794728,Asia,74.141
Georgia,GEO,2023,5.185,3807436,Asia,74.496
Germany,DEU,2011,6.572,80857831,Europe,80.355
Germany,DEU,2012,6.672,80916339,Europe,80.502
Germany,DEU,2014,6.75,81376036,Europe,80.906
Germany,DEU,2015,6.994,82077498,Europe,80.566
Germany,DEU,2016,6.951,82760053,Europe,80.837
Germany,DEU,2017,6.965,83103956,Europe,80.937
Germany,DEU,2018,6.985,83368456,Europe,80.875
Germany,DEU,2019,7.0758,83559127,Europe,81.189
Germany,DEU,2020,7.155,83628661,Europe,81.004
Germany,DEU,2021,7.034,83697031,Europe,81.106
Germany,DEU,2022,6.892,84086176,Europe,80.58
Germany,DEU,2023,6.719,84548184,Europe,81.378
Greece,GRC,2011,6.133,11108791,Europe,80.625
Greece,GRC,2012,5.435,11048239,Europe,80.422
Greece,GRC,2014,4.857,10893122,Europe,81.12
Greece,GRC,2015,5.033,10820843,Europe,80.789
Greece,GRC,2016,5.227,10775454,Europe,81.269
Greece,GRC,2017,5.358,10753489,Europe,80.961
Greece,GRC,2018,5.287,10730788,Europe,81.495
Greece,GRC,2019,5.515,10718520,Europe,81.349
Greece,GRC,2020,5.723,10699317,Europe,81.536
Greece,GRC,2021,5.948,10579511,Europe,80.531
Greece,GRC,2022,5.931,10412428,Europe,79.944
Greece,GRC,2023,5.934,10242850,Europe,81.857
Hong Kong,HKG,2011,5.424,7142923,Asia,83.16
Hong Kong,HKG,2012,5.523,7201012,Asia,83.416
Hong Kong,HKG,2014,5.474,7319453,Asia,83.927
Hong Kong,HKG,2015,5.458,7366349,Asia,84.147
Hong Kong,HKG,2016,5.472,7407953,Asia,84.38
Hong Kong,HKG,2017,5.43,7444832,Asia,84.662
Hong Kong,HKG,2018,5.43,7471131,Asia,84.987
Hong Kong,HKG,2019,5.5104,7485770,Asia,85.263
Hong Kong,HKG,2020,5.477,7490198,Asia,84.707
Hong Kong,HKG,2021,5.425,7484547,Asia,85.082
Hong Kong,HKG,2022,5.308,7465860,Asia,83.485
Hong Kong,HKG,2023,5.316,7442686,Asia,85.511
Hungary,HUN,2011,4.943,9946626,Europe,74.923
Hungary,HUN,2012,4.775,9916568,Europe,75.183
Hungary,HUN,2014,4.8,9862785,Europe,75.849
Hungary,HUN,2015,5.145,9839162,Europe,75.654
Hungary,HUN,2016,5.324,9810479,Europe,76.157
Hungary,HUN,2017,5.62,9785561,Europe,76.007
Hungary,HUN,2018,5.758,9774342,Europe,76.205
Hungary,HUN,2019,6.0004,9770300,Europe,76.455
Hungary,HUN,2020,5.992,9749421,Europe,75.73
Hungary,HUN,2021,6.086,9707794,Europe,74.185
Hungary,HUN,2022,6.041,9684259,Europe,76.212
Hungary,HUN,2023,6.017,9686418,Europe,77.024
Iceland,ISL,2011,6.888,319098,Europe,81.972
Iceland,ISL,2012,7.355,320802,Europe,82.346
Iceland,ISL,2014,7.561,327471,Europe,82.43
Iceland,ISL,2015,7.501,330918,Europe,82.164
Iceland,ISL,2016,7.504,335522,Europe,81.829
Iceland,ISL,2017,7.495,343480,Europe,82.241
Iceland,ISL,2018,7.494,352819,Europe,82.453
Iceland,ISL,2019,7.5045,360652,Europe,82.847
Iceland,ISL,2020,7.554,366571,Europe,82.711
Iceland,ISL,2021,7.557,372597,Europe,82.843
Iceland,ISL,2022,7.53,380322,Europe,81.588
Iceland,ISL,2023,7.525,387522,Europe,82.691
India,IND,2011,4.975,1261224903,Asia,67.623
India,IND,2012,4.772,1278674446,Asia,68.076
India,IND,2014,4.565,1312277131,Asia,68.932
India,IND,2015,4.404,1328024445,Asia,69.326
India,IND,2016,4.315,1343944244,Asia,69.709
India,IND,2017,4.19,1359657354,Asia,70.068
India,IND,2018,4.015,1374659017,Asia,70.415
India,IND,2019,3.5733,1389030252,Asia,70.746
India,IND,2020,3.819,1402617645,Asia,70.156
India,IND,2021,3.777,1414203840,Asia,67.282
India,IND,2022,4.036,1425423157,Asia,71.698
India,IND,2023,4.054,1438069540,Asia,72.003
Indonesia,IDN,2011,5.159,249469983,Asia,68.629
Indonesia,IDN,2012,5.348,252698471,Asia,68.862
Indonesia,IDN,2014,5.399,258877350,Asia,69.292
Indonesia,IDN,2015,5.314,261799196,Asia,69.52
Indonesia,IDN,2016,5.262,264627382,Asia,69.733
Indonesia,IDN,2017,5.093,267346608,Asia,69.953
Indonesia,IDN,2018,5.192,269951801,Asia,70.08
Indonesia,IDN,2019,5.2856,272489333,Asia,70.349
Indonesia,IDN,2020,5.345,274814825,Asia,68.817
Indonesia,IDN,2021,5.24,276758010,Asia,67.452
Indonesia,IDN,2022,5.277,278830479,Asia,70.925
Indonesia,IDN,2023,5.568,281190021,Asia,71.146
Iran,IRN,2011,5.149,78383547,Asia,74.721
Iran,IRN,2012,4.643,79370525,Asia,75.039
Iran,IRN,2014,4.686,81501999,Asia,75.635
Iran,IRN,2015,4.813,82619310,Asia,75.907
Iran,IRN,2016,4.692,83812175,Asia,76.155
Iran,IRN,2017,4.707,85026715,Asia,76.396
Iran,IRN,2018,4.548,86117959,Asia,76.621
Iran,IRN,2019,4.6724,87051599,Asia,76.855
Iran,IRN,2020,4.721,87723397,Asia,74.141
Iran,IRN,2021,4.888,88455443,Asia,73.752
Iran,IRN,2022,4.876,89524192,Asia,76.799
Iran,IRN,2023,4.923,90608663,Asia,77.654
Iraq,IRQ,2011,4.882,32161373,Asia,68.435
Iraq,IRQ,2012,4.817,33654796,Asia,68.827
Iraq,IRQ,2014,4.677,36550007,Asia,69.679
Iraq,IRQ,2015,4.575,37560485,Asia,69.977
Iraq,IRQ,2016,4.497,38469579,Asia,68.683
Iraq,IRQ,2017,4.456,39337310,Asia,69.788
Iraq,IRQ,2018,4.437,40265573,Asia,71.116
Iraq,IRQ,2019,4.7848,41192120,Asia,71.245
Iraq,IRQ,2020,4.854,42116556,Asia,69.651
Iraq,IRQ,2021,4.941,43071162,Asia,70.704
Iraq,IRQ,2022,4.941,44070510,Asia,72.037
Iraq,IRQ,2023,5.166,45074010,Asia,72.324
Ireland,IRL,2011,7.284,4579557,Europe,80.727
Ireland,IRL,2012,7.076,4600088,Europe,80.852
Ireland,IRL,2014,6.94,4658186,Europe,81.406
Ireland,IRL,2015,6.907,4702444,Europe,81.533
Ireland,IRL,2016,6.977,4753463,Europe,81.684
Ireland,IRL,2017,6.977,4810214,Europe,82.103
Ireland,IRL,2018,7.021,4872503,Europe,82.123
Ireland,IRL,2019,7.0937,4933445,Europe,82.411
Ireland,IRL,2020,7.085,4982560,Europe,82.39
Ireland,IRL,2021,7.041,5028387,Europe,81.861
Ireland,IRL,2022,6.911,5109966,Europe,82.05
Ireland,IRL,2023,6.838,5196586,Europe,82.412
Israel,ISR,2011,7.199,7470971,Asia,81.989
Israel,ISR,2012,7.301,7607737,Asia,81.985
Israel,ISR,2014,7.278,7897132,Asia,82.361
Israel,ISR,2015,7.267,8052858,Asia,82.254
Israel,ISR,2016,7.213,8209957,Asia,82.612
Israel,ISR,2017,7.19,8361744,Asia,82.699
Israel,ISR,2018,7.139,8510026,Asia,82.918
Israel,ISR,2019,7.1286,8657420,Asia,82.905
Israel,ISR,2020,7.157,8800323,Asia,82.7
Israel,ISR,2021,7.364,8942868,Asia,82.517
Israel,ISR,2022,7.473,9103094,Asia,82.814
Israel,ISR,2023,7.341,9256261,Asia,82.408
Italy,ITA,2011,6.578,60367832,Europe,82.228
Italy,ITA,2012,6.021,60531480,Europe,82.252
Italy,ITA,2014,5.948,60664127,Europe,82.901
Italy,ITA,2015,5.977,60575274,Europe,82.521
Italy,ITA,2016,5.964,60478047,Europe,83.046
Italy,ITA,2017,6,60390266,Europe,82.726
Italy,ITA,2018,6.223,60277446,Europe,83.184
Italy,ITA,2019,6.3874,60130080,Europe,83.342
Italy,ITA,2020,6.483,59912714,Europe,82.181
Italy,ITA,2021,6.467,59729300,Europe,82.865
Italy,ITA,2022,6.405,59619058,Europe,82.052
Italy,ITA,2023,6.324,59499408,Europe,83.716
Japan,JPN,2011,6.059,128096387,Asia,82.671
Japan,JPN,2012,6.064,127928244,Asia,83.168
Japan,JPN,2014,5.987,127486555,Asia,83.643
Japan,JPN,2015,5.921,127275819,Asia,83.883
Japan,JPN,2016,5.92,127159900,Asia,84.057
Japan,JPN,2017,5.915,127064637,Asia,84.189
Japan,JPN,2018,5.886,126913388,Asia,84.289
Japan,JPN,2019,5.8708,126699371,Asia,84.418
Japan,JPN,2020,5.94,126304487,Asia,84.67
Japan,JPN,2021,6.039,125679288,Asia,84.55
Japan,JPN,2022,6.129,124997534,Asia,84.054
Japan,JPN,2023,6.06,124370893,Asia,84.712
Jordan,JOR,2011,5.706,7480382,Asia,73.929
Jordan,JOR,2012,5.414,7587082,Asia,74.087
Jordan,JOR,2014,5.192,8791661,Asia,74.606
Jordan,JOR,2015,5.303,9544673,Asia,75.06
Jordan,JOR,2016,5.336,10006321,Asia,75.55
Jordan,JOR,2017,5.161,10234177,Asia,76.071
Jordan,JOR,2018,4.906,10462255,Asia,76.491
Jordan,JOR,2019,4.6334,10671837,Asia,76.865
Jordan,JOR,2020,4.395,10865183,Asia,75.583
Jordan,JOR,2021,4.152,11066310,Asia,74.204
Jordan,JOR,2022,4.12,11256215,Asia,77.088
Jordan,JOR,2023,4.186,11439171,Asia,77.814
Kazakhstan,KAZ,2011,5.594,17065944,Asia,69.108
Kazakhstan,KAZ,2012,5.671,17306063,Asia,69.939
Kazakhstan,KAZ,2014,5.855,17816240,Asia,71.415
Kazakhstan,KAZ,2015,5.919,18084126,Asia,72.024
Kazakhstan,KAZ,2016,5.819,18363551,Asia,72.549
Kazakhstan,KAZ,2017,5.79,18651876,Asia,72.996
Kazakhstan,KAZ,2018,5.809,18932674,Asia,73.369
Kazakhstan,KAZ,2019,6.0579,19209498,Asia,73.658
Kazakhstan,KAZ,2020,6.152,19482065,Asia,71.195
Kazakhstan,KAZ,2021,6.234,19743565,Asia,70.131
Kazakhstan,KAZ,2022,6.144,20034569,Asia,73.503
Kazakhstan,KAZ,2023,6.188,20330063,Asia,74.402
Kosovo,OWID_KOS,2011,5.42,1791911,Europe,75.323
Kosovo,OWID_KOS,2012,5.222,1806483,Europe,75.75
Kosovo,OWID_KOS,2014,5.589,1808931,Europe,76.179
Kosovo,OWID_KOS,2015,5.401,1778978,Europe,76.024
Kosovo,OWID_KOS,2016,5.279,1761711,Europe,76.748
Kosovo,OWID_KOS,2017,5.662,1768084,Europe,77.105
Kosovo,OWID_KOS,2018,6.1,1767699,Europe,77.117
Kosovo,OWID_KOS,2019,6.3252,1754998,Europe,77.249
Kosovo,OWID_KOS,2020,6.372,1751372,Europe,74.212
Kosovo,OWID_KOS,2021,6.455,1741407,Europe,74.981
Kosovo,OWID_KOS,2022,6.368,1717900,Europe,77.623
Kosovo,OWID_KOS,2023,6.561,1699985,Europe,78.033
Kuwait,KWT,2011,6.574,3132776,Asia,77.864
Kuwait,KWT,2012,6.515,3336980,Asia,78.227
Kuwait,KWT,2014,6.295,3665719,Asia,78.927
Kuwait,KWT,2015,6.239,3834416,Asia,79.219
Kuwait,KWT,2016,6.105,4003921,Asia,79.516
Kuwait,KWT,2017,6.083,4154633,Asia,79.731
Kuwait,KWT,2018,6.021,4323333,Asia,79.899
Kuwait,KWT,2019,6.1021,4442153,Asia,80.022
Kuwait,KWT,2020,6.106,4400103,Asia,78.248
Kuwait,KWT,2021,6.106,4360703,Asia,77.625
Kuwait,KWT,2023,6.951,4838724,Asia,80.405
Kyrgyzstan,KGZ,2011,4.828,5594489,Asia,67.748
Kyrgyzstan,KGZ,2012,5.042,5696470,Asia,68.142
Kyrgyzstan,KGZ,2014,5.286,5898279,Asia,68.829
Kyrgyzstan,KGZ,2015,5.185,6001819,Asia,69.309
Kyrgyzstan,KGZ,2016,5.004,6108412,Asia,69.909
Kyrgyzstan,KGZ,2017,5.131,6220098,Asia,70.503
Kyrgyzstan,KGZ,2018,5.261,6341684,Asia,70.668
Kyrgyzstan,KGZ,2019,5.5415,6493984,Asia,70.891
Kyrgyzstan,KGZ,2020,5.744,6664099,Asia,69.136
Kyrgyzstan,KGZ,2021,5.828,6820433,Asia,69.29
Kyrgyzstan,KGZ,2022,5.825,6955746,Asia,71.487
Kyrgyzstan,KGZ,2023,5.714,7073476,Asia,71.677
Laos,LAO,2011,5.161,6426537,Asia,64.505
Laos,LAO,2012,4.787,6518933,Asia,65.126
Laos,LAO,2014,4.876,6703118,Asia,66.35
Laos,LAO,2015,4.876,6801606,Asia,66.688
Laos,LAO,2017,4.623,7018100,Asia,67.345
Laos,LAO,2018,4.796,7127997,Asia,67.594
Laos,LAO,2019,4.8886,7237589,Asia,67.911
Laos,LAO,2020,5.03,7346484,Asia,68.339
Laos,LAO,2021,5.14,7453143,Asia,67.807
Laos,LAO,2022,5.111,7558961,Asia,68.715
Laos,LAO,2023,5.139,7664955,Asia,68.964
Latvia,LVA,2011,4.762,2059892,Europe,73.718
Latvia,LVA,2012,5.046,2034577,Europe,73.939
Latvia,LVA,2014,5.098,1994096,Europe,74.306
Latvia,LVA,2015,5.56,1977815,Europe,74.665
Latvia,LVA,2016,5.85,1959817,Europe,74.757
Latvia,LVA,2017,5.933,1942550,Europe,74.8
Latvia,LVA,2018,5.94,1927526,Europe,74.979
Latvia,LVA,2019,5.95,1914220,Europe,75.628
Latvia,LVA,2020,6.032,1901069,Europe,75.478
Latvia,LVA,2021,6.18,1885546,Europe,73.181
Latvia,LVA,2022,6.213,1881016,Europe,74.871
Latvia,LVA,2023,6.234,1882336,Europe,76.19
Lebanon,LBN,2011,5.049,5095962,Asia,77.768
Lebanon,LBN,2012,4.931,5235690,Asia,77.941
Lebanon,LBN,2014,4.839,6346950,Asia,78.148
Lebanon,LBN,2015,5.129,6472422,Asia,78.275
Lebanon,LBN,2016,5.225,6323015,Asia,78.306
Lebanon,LBN,2017,5.199,6160085,Asia,78.192
Lebanon,LBN,2018,5.197,5984064,Asia,78.263
Lebanon,LBN,2019,4.7715,5794550,Asia,78.208
Lebanon,LBN,2020,4.584,5702353,Asia,76.299
Lebanon,LBN,2021,2.955,5718083,Asia,73.65
Lebanon,LBN,2022,2.392,5744441,Asia,78.003
Lebanon,LBN,2023,2.707,5773446,Asia,77.817
Lithuania,LTU,2011,5.588,3028588,Europe,73.608
Lithuania,LTU,2012,5.426,2988281,Europe,73.964
Lithuania,LTU,2014,5.833,2933118,Europe,74.596
Lithuania,LTU,2015,5.813,2905726,Europe,74.474
Lithuania,LTU,2016,5.902,2869051,Europe,74.82
Lithuania,LTU,2017,5.952,2829273,Europe,75.701
Lithuania,LTU,2018,6.149,2802430,Europe,75.909
Lithuania,LTU,2019,6.2155,2795011,Europe,76.424
Lithuania,LTU,2020,6.255,2795711,Europe,75.105
Lithuania,LTU,2021,6.446,2794443,Europe,74.297
Lithuania,LTU,2022,6.763,2816872,Europe,74.696
Lithuania,LTU,2023,6.818,2854061,Europe,76.025
Luxembourg,LUX,2011,7.051,518535,Europe,80.285
Luxembourg,LUX,2012,7.054,530907,Europe,80.438
Luxembourg,LUX,2014,6.946,556243,Europe,81.236
Luxembourg,LUX,2015,6.871,569497,Europe,81.256
Luxembourg,LUX,2016,6.863,583469,Europe,81.62
Luxembourg,LUX,2017,6.91,596451,Europe,81.089
Luxembourg,LUX,2018,7.09,608055,Europe,81.519
Luxembourg,LUX,2019,7.2375,620116,Europe,81.588
Luxembourg,LUX,2020,7.324,630545,Europe,81.411
Luxembourg,LUX,2021,7.404,640233,Europe,81.839
Luxembourg,LUX,2022,7.228,653267,Europe,82.201
Luxembourg,LUX,2023,7.122,665058,Europe,82.229
Malaysia,MYS,2011,5.823,29161977,Asia,75.488
Malaysia,MYS,2012,5.76,29662784,Asia,75.552
Malaysia,MYS,2014,5.77,30696080,Asia,75.345
Malaysia,MYS,2015,6.005,31232744,Asia,75.288
Malaysia,MYS,2016,6.084,31789641,Asia,75.371
Malaysia,MYS,2017,6.322,32355608,Asia,75.542
Malaysia,MYS,2018,5.339,32910918,Asia,75.734
Malaysia,MYS,2019,5.3843,33440538,Asia,75.9
Malaysia,MYS,2020,5.384,33889515,Asia,76.057
Malaysia,MYS,2021,5.711,34282367,Asia,73.917
Malaysia,MYS,2022,6.012,34695445,Asia,75.444
Malaysia,MYS,2023,5.975,35126249,Asia,76.657
Maldives,MDV,2019,5.1976,487690,Asia,79.707
Maldives,MDV,2020,5.198,502076,Asia,78.713
Malta,MLT,2011,5.96,424582,Europe,80.804
Malta,MLT,2012,5.964,426564,Europe,81.064
Malta,MLT,2014,6.302,434451,Europe,82.318
Malta,MLT,2015,6.488,444936,Europe,82.591
Malta,MLT,2016,6.527,455227,Europe,82.657
Malta,MLT,2017,6.627,467849,Europe,83.089
Malta,MLT,2018,6.726,484517,Europe,82.908
Malta,MLT,2019,6.7728,503968,Europe,82.839
Malta,MLT,2020,6.602,518175,Europe,82.336
Malta,MLT,2021,6.447,524335,Europe,82.316
Malta,MLT,2022,6.3,528148,Europe,82.25
Malta,MLT,2023,6.346,532921,Europe,83.299
Moldova,MDA,2011,5.305,3557233,Europe,70.173
Moldova,MDA,2012,5.791,3482575,Europe,70.344
Moldova,MDA,2014,5.889,3342665,Europe,70.241
Moldova,MDA,2015,5.897,3287114,Europe,70.118
Moldova,MDA,2016,5.838,3237747,Europe,70.179
Moldova,MDA,2017,5.64,3193456,Europe,70.375
Moldova,MDA,2018,5.529,3153724,Europe,70.236
Moldova,MDA,2019,5.6075,3112515,Europe,70.181
Moldova,MDA,2020,5.766,3069084,Europe,69.914
Moldova,MDA,2021,5.857,3023731,Europe,68.991
Moldova,MDA,2022,5.819,3039946,Europe,71.546
Moldova,MDA,2023,5.816,3067017,Europe,71.198
Mongolia,MNG,2011,4.562,2745129,Asia,67.167
Mongolia,MNG,2012,4.834,2795410,Asia,67.611
Mongolia,MNG,2014,4.874,2912984,Asia,68.737
Mongolia,MNG,2015,4.907,2976476,Asia,69.239
Mongolia,MNG,2016,4.955,3040773,Asia,69.736
Mongolia,MNG,2017,5.125,3104314,Asia,70.171
Mongolia,MNG,2018,5.285,3167660,Asia,70.574
Mongolia,MNG,2019,5.4562,3232069,Asia,70.663
Mongolia,MNG,2020,5.677,3290733,Asia,70.029
Mongolia,MNG,2021,5.761,3339627,Asia,68.565
Mongolia,MNG,2022,5.84,3385971,Asia,71.505
Mongolia,MNG,2023,5.696,3431887,Asia,71.734
Montenegro,MNE,2011,5.147,632639,Europe,75.961
Montenegro,MNE,2012,5.299,633497,Europe,76.237
Montenegro,MNE,2014,5.192,631332,Europe,76.468
Montenegro,MNE,2015,5.161,628096,Europe,76.594
Montenegro,MNE,2016,5.237,624199,Europe,76.565
Montenegro,MNE,2017,5.347,620062,Europe,76.593
Montenegro,MNE,2018,5.523,615760,Europe,76.921
Montenegro,MNE,2019,5.5461,611625,Europe,76.639
Montenegro,MNE,2020,5.581,607887,Europe,75.85
Montenegro,MNE,2021,5.547,603805,Europe,73.789
Montenegro,MNE,2022,5.722,614603,Europe,75.921
Montenegro,MNE,2023,5.707,633503,Europe,77.087
Myanmar,MMR,2011,5.322,49419777,Asia,63.859
Myanmar,MMR,2012,4.439,49837398,Asia,64.251
Myanmar,MMR,2014,4.307,50681584,Asia,64.994
Myanmar,MMR,2015,4.395,51089005,Asia,65.288
Myanmar,MMR,2016,4.545,51495657,Asia,65.64
Myanmar,MMR,2017,4.308,51894886,Asia,65.909
Myanmar,MMR,2018,4.36,52272203,Asia,66.232
Myanmar,MMR,2019,4.308,52640679,Asia,66.457
Myanmar,MMR,2020,4.426,53016472,Asia,66.612
Myanmar,MMR,2021,4.394,53387059,Asia,65.553
Myanmar,MMR,2022,4.372,53756739,Asia,66.506
Myanmar,MMR,2023,4.354,54133741,Asia,66.889
Nepal,NPL,2011,4.474,27464446,Asia,67.123
Nepal,NPL,2012,4.156,27534868,Asia,67.364
Nepal,NPL,2014,4.514,27672334,Asia,67.812
Nepal,NPL,2015,4.793,27823579,Asia,67.374
Nepal,NPL,2016,4.962,27955421,Asia,68.444
Nepal,NPL,2017,4.88,28011204,Asia,68.74
Nepal,NPL,2018,4.913,28079631,Asia,69.036
Nepal,NPL,2019,5.1372,28414023,Asia,69.299
Nepal,NPL,2020,5.269,28966540,Asia,69.106
Nepal,NPL,2021,5.377,29474963,Asia,68.385
Nepal,NPL,2022,5.36,29715383,Asia,70.087
Nepal,NPL,2023,5.158,29694568,Asia,70.354
Netherlands,NLD,2011,7.512,16851014,Europe,81.11
Netherlands,NLD,2012,7.512,16915143,Europe,81.059
Netherlands,NLD,2014,7.378,17030041,Europe,81.65
Netherlands,NLD,2015,7.339,17107382,Europe,81.49
Netherlands,NLD,2016,7.377,17204642,Europe,81.555
Netherlands,NLD,2017,7.441,17315333,Europe,81.737
Netherlands,NLD,2018,7.488,17421239,Europe,81.781
Netherlands,NLD,2019,7.4489,17537460,Europe,82.053
Netherlands,NLD,2020,7.464,17636680,Europe,81.393
Netherlands,NLD,2021,7.415,17730519,Europe,81.356
Netherlands,NLD,2022,7.403,17904367,Europe,81.912
Netherlands,NLD,2023,7.319,18092473,Europe,82.158
North Macedonia,MKD,2011,4.369,2040398,Europe,75.142
North Macedonia,MKD,2012,4.574,2027246,Europe,75.043
North Macedonia,MKD,2014,5.007,1997784,Europe,75.633
North Macedonia,MKD,2015,5.121,1980318,Europe,75.629
North Macedonia,MKD,2016,5.175,1961210,Europe,75.571
North Macedonia,MKD,2017,5.185,1940825,Europe,76.152
North Macedonia,MKD,2018,5.274,1919675,Europe,76.883
North Macedonia,MKD,2019,5.1598,1897595,Europe,76.835
North Macedonia,MKD,2020,5.101,1871976,Europe,74.469
North Macedonia,MKD,2021,5.199,1851059,Europe,73.292
North Macedonia,MKD,2022,5.254,1840196,Europe,76.645
North Macedonia,MKD,2023,5.369,1831749,Europe,77.395
Norway,NOR,2011,7.524,4952915,Europe,81.245
Norway,NOR,2012,7.655,5018393,Europe,81.446
Norway,NOR,2014,7.522,5137351,Europe,82.087
Norway,NOR,2015,7.498,5189728,Europe,82.273
Norway,NOR,2016,7.537,5235933,Europe,82.415
Norway,NOR,2017,7.594,5276759,Europe,82.624
Norway,NOR,2018,7.554,5311703,Europe,82.76
Norway,NOR,2019,7.488,5347690,Europe,82.955
Norway,NOR,2020,7.392,5379229,Europe,83.195
Norway,NOR,2021,7.365,5408030,Europe,83.166
Norway,NOR,2022,7.315,5456753,Europe,82.631
Norway,NOR,2023,7.302,5519123,Europe,83.308
Oman,OMN,2012,6.853,3547053,Asia,78.187
Oman,OMN,2014,6.853,4002390,Asia,79.03
Pakistan,PAK,2011,5.149,203746014,Asia,64.659
Pakistan,PAK,2012,5.292,207667068,Asia,64.883
Pakistan,PAK,2014,5.194,214264607,Asia,65.374
Pakistan,PAK,2015,5.132,217290832,Asia,65.641
Pakistan,PAK,2016,5.269,220138810,Asia,65.943
Pakistan,PAK,2017,5.472,223273927,Asia,66.223
Pakistan,PAK,2018,5.653,226928843,Asia,66.481
Pakistan,PAK,2019,5.6933,230800861,Asia,66.729
Pakistan,PAK,2020,4.934,235001693,Asia,65.701
Pakistan,PAK,2021,4.516,239477758,Asia,65.773
Pakistan,PAK,2022,4.555,243700616,Asia,67.417
Pakistan,PAK,2023,4.657,247504458,Asia,67.649
Palestine,PSE,2011,4.555,4115858,Asia,73.557
Palestine,PSE,2012,4.7,4215282,Asia,73.722
Palestine,PSE,2014,4.715,4415839,Asia,72.781
Palestine,PSE,2015,4.754,4521515,Asia,74.577
Palestine,PSE,2016,4.775,4632686,Asia,74.917
Palestine,PSE,2017,4.743,4742699,Asia,75.216
Palestine,PSE,2018,4.696,4850540,Asia,75.38
Palestine,PSE,2019,4.5528,4957731,Asia,75.811
Palestine,PSE,2020,4.517,5069642,Asia,74.998
Palestine,PSE,2021,4.483,5185289,Asia,73.89
Palestine,PSE,2022,4.908,5305230,Asia,76.662
Palestine,PSE,2023,4.879,5409153,Asia,65.17
Philippines,PHL,2011,4.825,98248571,Asia,69.096
Philippines,PHL,2012,4.985,100175459,Asia,69.237
Philippines,PHL,2014,5.073,103767082,Asia,69.311
Philippines,PHL,2015,5.279,105312935,Asia,69.45
Philippines,PHL,2016,5.43,106735664,Asia,69.49
Philippines,PHL,2017,5.524,108119646,Asia,69.966
Philippines,PHL,2018,5.631,109465234,Asia,69.761
Philippines,PHL,2019,6.006,110804629,Asia,69.68
Philippines,PHL,2020,5.88,112081229,Asia,70.097
Philippines,PHL,2021,5.904,113100906,Asia,66.675
Philippines,PHL,2022,5.523,113964291,Asia,69.472
Philippines,PHL,2023,6.048,114891152,Asia,69.833
Poland,POL,2011,5.803,38208597,Europe,76.568
Poland,POL,2012,5.822,38247820,Europe,76.775
Poland,POL,2014,5.791,38265064,Europe,77.312
Poland,POL,2015,5.835,38266267,Europe,77.589
Poland,POL,2016,5.973,38263203,Europe,77.639
Poland,POL,2017,6.123,38254908,Europe,77.716
Poland,POL,2018,6.182,38241017,Europe,77.623
Poland,POL,2019,6.1863,38225836,Europe,77.921
Poland,POL,2020,6.166,38170958,Europe,76.595
Poland,POL,2021,6.123,38040252,Europe,75.639
Poland,POL,2022,6.26,38385689,Europe,77.923
Poland,POL,2023,6.442,38762796,Europe,78.633
Portugal,PRT,2011,5.327,10556994,Europe,80.582
Portugal,PRT,2012,5.101,10513092,Europe,80.555
Portugal,PRT,2014,5.102,10406148,Europe,81.314
Portugal,PRT,2015,5.123,10370222,Europe,81.321
Portugal,PRT,2016,5.195,10346328,Europe,81.364
Portugal,PRT,2017,5.41,10330784,Europe,81.66
Portugal,PRT,2018,5.693,10325307,Europe,81.591
Portugal,PRT,2019,5.9109,10343168,Europe,81.959
Portugal,PRT,2020,5.929,10370463,Europe,81.366
Portugal,PRT,2021,6.016,10390906,Europe,81.398
Portugal,PRT,2022,5.968,10417030,Europe,81.194
Portugal,PRT,2023,6.03,10430680,Europe,82.36
Qatar,QAT,2011,6.569,1810913,Asia,79.994
Qatar,QAT,2012,6.666,1907074,Asia,80.499
Qatar,QAT,2014,6.611,2218318,Asia,81.395
Qatar,QAT,2015,6.375,2427284,Asia,81.785
Qatar,QAT,2016,6.375,2599332,Asia,82.147
Qatar,QAT,2017,6.374,2706660,Asia,82.458
Qatar,QAT,2018,6.374,2761095,Asia,82.714
Romania,ROU,2011,5.178,20281955,Europe,74.288
Romania,ROU,2012,5.033,20158399,Europe,74.314
Romania,ROU,2014,5.124,19968125,Europe,74.765
Romania,ROU,2015,5.528,19870968,Europe,74.737
Romania,ROU,2016,5.825,19777001,Europe,75.021
Romania,ROU,2017,5.945,19689357,Europe,75.024
Romania,ROU,2018,6.07,19597823,Europe,75.103
Romania,ROU,2019,6.1237,19501499,Europe,75.329
Romania,ROU,2020,6.14,19392420,Europe,74.046
Romania,ROU,2021,6.477,19248115,Europe,72.74
Romania,ROU,2022,6.589,19166726,Europe,75.261
Romania,ROU,2023,6.491,19118433,Europe,75.938
Russia,RUS,2011,5.284,144043700,Europe,69.725
Russia,RUS,2012,5.464,144290965,Europe,70.117
Russia,RUS,2014,5.716,144925588,Europe,70.798
Russia,RUS,2015,5.856,145307563,Europe,71.345
Russia,RUS,2016,5.963,145778617,Europe,71.91
Russia,RUS,2017,5.81,146186752,Europe,72.845
Russia,RUS,2018,5.648,146430090,Europe,72.936
Russia,RUS,2019,5.546,146533005,Europe,73.066
Russia,RUS,2020,5.477,146371239,Europe,71.171
Russia,RUS,2021,5.459,145836117,Europe,69.807
Russia,RUS,2022,5.661,145579843,Europe,72.517
Russia,RUS,2023,5.785,145440454,Europe,73.154
Saudi Arabia,SAU,2011,6.597,26105592,Asia,75.808
Saudi Arabia,SAU,2012,6.48,27062388,Asia,76.09
Saudi Arabia,SAU,2014,6.411,28998069,Asia,77.116
Saudi Arabia,SAU,2015,6.379,29974899,Asia,77.776
Saudi Arabia,SAU,2016,6.344,30717760,Asia,78.354
Saudi Arabia,SAU,2017,6.371,30782349,Asia,78.721
Saudi Arabia,SAU,2018,6.375,30365068,Asia,78.75
Saudi Arabia,SAU,2019,6.4065,30472767,Asia,78.313
Saudi Arabia,SAU,2020,6.494,30991155,Asia,77.596
Saudi Arabia,SAU,2021,6.523,31328320,Asia,77.089
Saudi Arabia,SAU,2022,6.463,32175301,Asia,77.31
Saudi Arabia,SAU,2023,6.594,33264239,Asia,78.732
Serbia,SRB,2011,4.564,7364807,Europe,74.719
Serbia,SRB,2012,4.813,7324574,Europe,75.089
Serbia,SRB,2014,5.123,7227156,Europe,75.478
Serbia,SRB,2015,5.177,7177217,Europe,75.653
Serbia,SRB,2016,5.395,7126034,Europe,75.737
Serbia,SRB,2017,5.398,7073456,Europe,75.792
Serbia,SRB,2018,5.603,7019960,Europe,76.036
Serbia,SRB,2019,5.7782,6966101,Europe,76.058
Serbia,SRB,2020,6.078,6907777,Europe,74.507
Serbia,SRB,2021,6.178,6835386,Europe,72.853
Serbia,SRB,2022,6.144,6791172,Europe,75.478
Serbia,SRB,2023,6.411,6773156,Europe,76.769
Singapore,SGP,2011,6.549,5182186,Asia,81.942
Singapore,SGP,2012,6.546,5293298,Asia,82.209
Singapore,SGP,2014,6.798,5457856,Asia,82.615
Singapore,SGP,2015,6.739,5525299,Asia,82.748
Singapore,SGP,2016,6.572,5577892,Asia,82.897
Singapore,SGP,2017,6.343,5604041,Asia,83.095
Singapore,SGP,2018,6.262,5634310,Asia,83.378
Singapore,SGP,2019,6.3771,5669500,Asia,83.662
Singapore,SGP,2020,6.377,5620104,Asia,83.661
Singapore,SGP,2021,6.48,5546240,Asia,83.485
Singapore,SGP,2022,6.587,5649833,Asia,82.921
Singapore,SGP,2023,6.523,5789037,Asia,83.736
Slovakia,SVK,2011,5.657,5398048,Europe,76.018
Slovakia,SVK,2012,5.969,5404834,Europe,76.176
Slovakia,SVK,2014,5.995,5415184,Europe,76.848
Slovakia,SVK,2015,6.078,5420221,Europe,76.65
Slovakia,SVK,2016,6.098,5427217,Europe,77.216
Slovakia,SVK,2017,6.173,5435643,Europe,77.22
Slovakia,SVK,2018,6.198,5443188,Europe,77.265
Slovakia,SVK,2019,6.2806,5450575,Europe,77.686
Slovakia,SVK,2020,6.331,5454981,Europe,76.864
Slovakia,SVK,2021,6.391,5442712,Europe,74.59
Slovakia,SVK,2022,6.469,5473145,Europe,77.036
Slovakia,SVK,2023,6.257,5518008,Europe,78.341
Slovenia,SVN,2011,5.922,2048754,Europe,79.588
Slovenia,SVN,2012,6.06,2053274,Europe,79.765
Slovenia,SVN,2014,5.848,2058351,Europe,80.252
Slovenia,SVN,2015,5.768,2059899,Europe,80.499
Slovenia,SVN,2016,5.758,2061329,Europe,80.512
Slovenia,SVN,2017,5.948,2062366,Europe,80.616
Slovenia,SVN,2018,6.118,2069431,Europe,80.861
Slovenia,SVN,2019,6.3634,2083395,Europe,81.007
Slovenia,SVN,2020,6.461,2102370,Europe,80.364
Slovenia,SVN,2021,6.63,2113450,Europe,80.434
Slovenia,SVN,2022,6.65,2115184,Europe,80.793
Slovenia,SVN,2023,6.743,2118353,Europe,81.603
South Korea,KOR,2011,5.643,49127592,Asia,81.168
South Korea,KOR,2012,6.267,49599543,Asia,81.308
South Korea,KOR,2014,5.984,50539008,Asia,82.364
South Korea,KOR,2015,5.835,50983856,Asia,82.54
South Korea,KOR,2016,5.838,51297794,Asia,82.92
South Korea,KOR,2017,5.875,51486222,Asia,83.278
South Korea,KOR,2018,5.895,51640842,Asia,83.34
South Korea,KOR,2019,5.8724,51767790,Asia,83.685
South Korea,KOR,2020,5.845,51858440,Asia,83.675
South Korea,KOR,2021,5.935,51848358,Asia,83.852
South Korea,KOR,2022,5.951,51782473,Asia,82.727
South Korea,KOR,2023,6.058,51748695,Asia,84.329
Spain,ESP,2011,6.761,46997994,Europe,82.18
Spain,ESP,2012,6.322,47018277,Europe,82.191
Spain,ESP,2014,6.329,46720137,Europe,82.828
Spain,ESP,2015,6.361,46683633,Europe,82.611
Spain,ESP,2016,6.403,46732712,Europe,83
Spain,ESP,2017,6.31,46868543,Europe,82.986
Spain,ESP,2018,6.354,47092764,Europe,83.096
Spain,ESP,2019,6.4009,47435072,Europe,83.479
Spain,ESP,2020,6.491,47679437,Europe,82.241
Spain,ESP,2021,6.476,47735610,Europe,82.951
Spain,ESP,2022,6.436,47828339,Europe,82.366
Spain,ESP,2023,6.421,47911535,Europe,83.67
Sri Lanka,LKA,2011,4.26,21009008,Asia,74.74
Sri Lanka,LKA,2012,4.151,21169405,Asia,75.187
Sri Lanka,LKA,2014,4.271,21547410,Asia,75.757
Sri Lanka,LKA,2015,4.415,21729921,Asia,75.99
Sri Lanka,LKA,2016,4.44,21910711,Asia,76.136
Sri Lanka,LKA,2017,4.471,22087475,Asia,76.239
Sri Lanka,LKA,2018,4.366,22253066,Asia,76.485
Sri Lanka,LKA,2019,4.327,22410495,Asia,76.698
Sri Lanka,LKA,2020,4.325,22561751,Asia,76.928
Sri Lanka,LKA,2021,4.362,22700326,Asia,76.278
Sri Lanka,LKA,2022,4.442,22834913,Asia,77.3
Sri Lanka,LKA,2023,3.898,22971566,Asia,77.483
Sweden,SWE,2011,7.379,9449207,Europe,81.758
Sweden,SWE,2012,7.48,9519430,Europe,81.73
Sweden,SWE,2014,7.364,9696389,Europe,82.224
Sweden,SWE,2015,7.291,9799437,Europe,82.184
Sweden,SWE,2016,7.284,9923227,Europe,82.339
Sweden,SWE,2017,7.314,10057811,Europe,82.438
Sweden,SWE,2018,7.343,10175356,Europe,82.532
Sweden,SWE,2019,7.3535,10279068,Europe,83.052
Sweden,SWE,2020,7.363,10353627,Europe,82.427
Sweden,SWE,2021,7.384,10416075,Europe,83.02
Sweden,SWE,2022,7.395,10487289,Europe,83.046
Sweden,SWE,2023,7.344,10551441,Europe,83.262
Switzerland,CHE,2011,7.499,7914333,Europe,82.574
Switzerland,CHE,2012,7.65,7998872,Europe,82.617
Switzerland,CHE,2014,7.587,8190179,Europe,83.084
Switzerland,CHE,2015,7.509,8283893,Europe,82.846
Switzerland,CHE,2016,7.494,8374857,Europe,83.446
Switzerland,CHE,2017,7.487,8453574,Europe,83.414
Switzerland,CHE,2018,7.48,8516296,Europe,83.564
Switzerland,CHE,2019,7.5599,8577482,Europe,83.78
Switzerland,CHE,2020,7.571,8640538,Europe,83.063
Switzerland,CHE,2021,7.512,8706973,Europe,83.648
Switzerland,CHE,2022,7.24,8792128,Europe,83.2
Switzerland,CHE,2023,7.06,8870520,Europe,83.954
Syria,SYR,2011,4.735,22878049,Asia,72.259
Syria,SYR,2012,3.892,22759716,Asia,66.206
Syria,SYR,2014,3.006,20273611,Asia,65.492
Syria,SYR,2015,3.069,19424567,Asia,63.265
Syria,SYR,2016,3.462,19193793,Asia,65.19
Syria,SYR,2017,3.462,19224621,Asia,65.651
Syria,SYR,2018,3.462,19577802,Asia,67.371
Taiwan,TWN,2011,5.988,23273026,Asia,78.88
Taiwan,TWN,2012,6.221,23345913,Asia,79.179
Taiwan,TWN,2014,6.298,23472755,Asia,79.473
Taiwan,TWN,2015,6.379,23529210,Asia,79.879
Taiwan,TWN,2016,6.422,23586094,Asia,79.7
Taiwan,TWN,2017,6.441,23632907,Asia,80.061
Taiwan,TWN,2018,6.446,23659256,Asia,80.431
Taiwan,TWN,2019,6.4554,23674088,Asia,80.596
Taiwan,TWN,2020,6.584,23663407,Asia,81.107
Taiwan,TWN,2021,6.512,23558281,Asia,80.785
Taiwan,TWN,2022,6.535,23420051,Asia,80.157
Taiwan,TWN,2023,6.503,23317100,Asia,80.559
Tajikistan,TJK,2011,4.614,7824737,Asia,68.698
Tajikistan,TJK,2012,4.38,8014037,Asia,69.13
Tajikistan,TJK,2014,4.786,8425521,Asia,69.697
Tajikistan,TJK,2015,4.996,8643796,Asia,69.665
Tajikistan,TJK,2016,5.041,8865574,Asia,69.982
Tajikistan,TJK,2017,5.352,9085890,Asia,70.524
Tajikistan,TJK,2018,5.467,9307292,Asia,70.737
Tajikistan,TJK,2019,5.5557,9529924,Asia,70.962
Tajikistan,TJK,2020,5.466,9749262,Asia,68.605
Tajikistan,TJK,2021,5.377,9966868,Asia,69.594
Tajikistan,TJK,2022,5.33,10182185,Asia,71.562
Tajikistan,TJK,2023,5.281,10389764,Asia,71.79
Thailand,THA,2011,5.804,69007158,Asia,75.302
Thailand,THA,2012,6.371,69436048,Asia,75.59
Thailand,THA,2014,6.455,70216319,Asia,76.279
Thailand,THA,2015,6.474,70540737,Asia,76.563
Thailand,THA,2016,6.424,70859797,Asia,76.769
Thailand,THA,2017,6.072,71160146,Asia,76.989
Thailand,THA,2018,6.008,71376039,Asia,77.19
Thailand,THA,2019,5.9988,71522216,Asia,77.197
Thailand,THA,2020,5.985,71641437,Asia,77.331
Thailand,THA,2021,5.891,71727293,Asia,77.606
Thailand,THA,2022,5.843,71735273,Asia,75.291
Thailand,THA,2023,5.976,71702397,Asia,76.412
Turkey,TUR,2011,5.234,74215158,Asia,74.823
Turkey,TUR,2012,5.345,75197146,Asia,75.552
Turkey,TUR,2014,5.332,78036104,Asia,76.452
Turkey,TUR,2015,5.389,80014170,Asia,76.539
Turkey,TUR,2016,5.5,81652039,Asia,76.595
Turkey,TUR,2017,5.483,83083616,Asia,77.037
Turkey,TUR,2018,5.373,84415922,Asia,77.454
Turkey,TUR,2019,5.1318,85357615,Asia,77.737
Turkey,TUR,2020,4.948,86091644,Asia,76.525
Turkey,TUR,2021,4.744,86686206,Asia,75.722
Turkey,TUR,2022,4.614,87058421,Asia,77.591
Turkey,TUR,2023,4.975,87270451,Asia,77.156
Turkmenistan,TKM,2011,6.568,5683365,Asia,68.87
Turkmenistan,TKM,2012,5.628,5808503,Asia,68.961
Turkmenistan,TKM,2014,5.548,6075239,Asia,69.001
Turkmenistan,TKM,2015,5.658,6215727,Asia,69.061
Turkmenistan,TKM,2016,5.822,6359994,Asia,69.142
Turkmenistan,TKM,2017,5.636,6507023,Asia,69.19
Turkmenistan,TKM,2018,5.247,6655474,Asia,69.272
Turkmenistan,TKM,2019,5.1191,6803896,Asia,69.405
Turkmenistan,TKM,2020,5.066,6949869,Asia,68.846
Turkmenistan,TKM,2021,5.474,7091984,Asia,69.353
Ukraine,UKR,2011,5.089,46307812,Europe,70.711
Ukraine,UKR,2012,5.057,46210001,Europe,71.09
Ukraine,UKR,2014,4.681,45972329,Europe,71.803
Ukraine,UKR,2015,4.324,45784854,Europe,72.686
Ukraine,UKR,2016,4.096,45616779,Europe,73.389
Ukraine,UKR,2017,4.103,45435996,Europe,73.993
Ukraine,UKR,2018,4.332,45208854,Europe,73.569
Ukraine,UKR,2019,4.5607,44957402,Europe,73.92
Ukraine,UKR,2020,4.875,44679967,Europe,73.283
Ukraine,UKR,2021,5.084,44298591,Europe,71.631
Ukraine,UKR,2022,5.071,41048717,Europe,72.658
Ukraine,UKR,2023,4.873,37732781,Europe,73.422
United Arab Emirates,ARE,2011,6.977,7199389,Asia,81.898
United Arab Emirates,ARE,2012,7.144,7497073,Asia,81.913
United Arab Emirates,ARE,2014,6.901,8236833,Asia,81.99
United Arab Emirates,ARE,2015,6.573,8674586,Asia,82.076
United Arab Emirates,ARE,2016,6.648,9030811,Asia,82.195
United Arab Emirates,ARE,2017,6.774,9234286,Asia,82.388
United Arab Emirates,ARE,2018,6.825,9346819,Asia,82.449
United Arab Emirates,ARE,2019,6.7908,9377805,Asia,82.596
United Arab Emirates,ARE,2020,6.561,9448476,Asia,81.936
United Arab Emirates,ARE,2021,6.576,9789001,Asia,79.083
United Arab Emirates,ARE,2022,6.571,10242033,Asia,80.487
United Arab Emirates,ARE,2023,6.733,10642052,Asia,82.909
United Kingdom,GBR,2011,6.936,63509238,Europe,80.796
United Kingdom,GBR,2012,6.883,63960443,Europe,80.859
United Kingdom,GBR,2014,6.867,64865865,Europe,81.153
United Kingdom,GBR,2015,6.725,65382063,Europe,80.919
United Kingdom,GBR,2016,6.714,65893305,Europe,81.067
United Kingdom,GBR,2017,6.814,66354423,Europe,81.164
United Kingdom,GBR,2018,7.054,66752425,Europe,81.123
United Kingdom,GBR,2019,7.1645,67110910,Europe,81.443
United Kingdom,GBR,2020,7.064,67351806,Europe,80.385
United Kingdom,GBR,2021,6.943,67668749,Europe,80.708
United Kingdom,GBR,2022,6.796,68179267,Europe,81.074
United Kingdom,GBR,2023,6.749,68682907,Europe,81.302
Uzbekistan,UZB,2011,5.225,28823141,Asia,70.143
Uzbekistan,UZB,2012,5.623,29261864,Asia,70.411
Uzbekistan,UZB,2014,6.003,30222939,Asia,70.973
Uzbekistan,UZB,2015,5.987,30749306,Asia,71.33
Uzbekistan,UZB,2016,5.971,31284509,Asia,71.58
Uzbekistan,UZB,2017,6.096,31819131,Asia,71.737
Uzbekistan,UZB,2018,6.174,32373443,Asia,71.999
Uzbekistan,UZB,2019,6.2576,32964655,Asia,72.093
Uzbekistan,UZB,2020,6.179,33586325,Asia,71.461
Uzbekistan,UZB,2021,6.063,34243658,Asia,71.681
Uzbekistan,UZB,2022,6.014,34938911,Asia,72.147
Uzbekistan,UZB,2023,6.195,35652264,Asia,72.388
Vietnam,VNM,2011,5.425,88468266,Asia,73.713
Vietnam,VNM,2012,5.533,89510294,Asia,73.762
Vietnam,VNM,2014,5.36,91679537,Asia,73.886
Vietnam,VNM,2015,5.061,92823207,Asia,73.955
Vietnam,VNM,2016,5.074,94000065,Asia,73.984
Vietnam,VNM,2017,5.103,95176934,Asia,74.026
Vietnam,VNM,2018,5.175,96237273,Asia,74.1
Vietnam,VNM,2019,5.3535,97173733,Asia,74.211
Vietnam,VNM,2020,5.411,98079150,Asia,75.383
Vietnam,VNM,2021,5.485,98935054,Asia,74.145
Vietnam,VNM,2022,5.763,99680606,Asia,74.502
Vietnam,VNM,2023,6.043,100352143,Asia,74.588
Yemen,YEM,2011,4.454,27582855,Asia,67.412
Yemen,YEM,2012,4.054,28433605,Asia,67.569
Yemen,YEM,2014,4.077,30226266,Asia,68.003
Yemen,YEM,2015,3.724,31159328,Asia,66.761
Yemen,YEM,2016,3.593,32108978,Asia,67.105
Yemen,YEM,2017,3.355,33090884,Asia,67.12
Yemen,YEM,2018,3.38,34085134,Asia,65.915
Yemen,YEM,2019,3.5274,35111377,Asia,66.567
Yemen,YEM,2020,3.658,36134822,Asia,66.435
Yemen,YEM,2021,4.197,37140180,Asia,66.019
Yemen,YEM,2023,3.561,39390750,Asia,69.295
